number,num_pol,cost,age,older,car,output
515192541,3,1167,68,17,1,0
419503200,1,768,41,18,0,0
39016000,3,751,78,37,0,1
574132880,1,683,60,5,0,0
523554190,1,609,67,5,0,0
222278881,1,586,54,4,1,0
300410080,1,362,80,6,0,0
529211780,1,342,67,18,0,0
2011060281,2,327,33,2,1,1
317461911,2,292,47,11,1,0
3149901691,5,236.6,25,8,1,0
500078060,1,173,72,35,0,0
259813741,4,154.25,47,11,1,0
216598260,1,139,37,16,0,0
146697411,2,108.5,63,14,1,0
632659531,8,102.875,67,29,1,0
500934261,2,101,71,22,1,0
339133510,1,92,45,18,0,1
93610800,2,86,81,21,0,0
165657640,1,72,56,13,0,0
554178930,1,50,63,20,0,1
250501701,2,18.5,49,27,1,0
3122865110,2,16,27,1,0,1
556622090,2,9,63,16,0,0
14387460,1,0,71,7,0,1
2117236891,1,0,22,0,1,0
2140768791,1,0,19,9,1,1
2145259411,2,0,18,0,1,0
215356790,2,0,36,27,0,0
2167223220,1,0,15,5,0,0
227389910,1,0,54,0,0,1
238041311,2,0,53,8,1,0
253783571,1,0,49,12,1,0
255662820,1,0,48,0,0,0
272030330,1,0,48,17,0,1
277443740,1,0,51,24,0,0
288190270,1,0,50,5,0,0
290865350,1,0,50,28,0,0
299848950,1,0,36,8,0,0
300785620,1,0,72,11,0,0
3016757811,2,0,33,8,1,0
3027617211,2,0,32,7,1,0
3096035530,1,0,5,3,0,0
3107446100,1,0,51,0,0,1
3108343530,1,0,45,1,0,0
3114872271,2,0,28,2,1,1
3132262681,2,0,26,8,1,0
3142651331,2,0,61,19,1,1
3147216140,1,0,26,0,0,0
317190240,1,0,43,0,0,0
3204372541,2,0,48,17,1,1
3205032871,2,0,57,37,1,0
3207262681,2,0,54,24,1,0
3218826491,2,0,23,3,1,0
3219892951,4,0,52,0,1,0
3220412371,2,0,49,79,1,1
3220642621,2,0,39,3,1,0
3223054751,2,0,20,2,1,0
3223800801,3,0,21,0,1,0
3224770011,3,0,21,0,1,0
3226516211,3,0,21,13,1,0
3227535421,3,0,22,1,1,1
3227728561,3,0,22,7,1,0
3227821031,6,0,20,11,1,0
3230385541,3,0,20,0,1,0
3233834711,3,0,26,11,1,0
3236817591,2,0,35,6,1,0
3238387971,2,0,20,3,1,1
3239637771,1,0,20,12,1,1
3240979061,5,0,20,12,1,0
3242586801,2,0,20,3,1,0
3246072410,1,0,63,8,0,1
3247939591,3,0,42,0,1,1
3256106401,5,0,18,7,1,0
3256186921,1,0,18,1,1,1
3261757911,3,0,17,0,1,0
3261917981,1,0,18,0,1,0
3266345321,1,0,18,0,1,0
3268971881,3,0,32,0,1,0
3273550460,2,0,87,31,0,0
3273550461,2,0,87,32,1,1
3288555311,2,0,74,31,1,0
3288917001,2,0,72,10,1,0
3322794961,2,0,40,11,1,0
332362900,1,0,45,2,0,0
3323636621,2,0,35,9,1,0
3362807481,5,0,32,12,1,0
3451912660,4,0,48,0,0,1
406167650,1,0,40,7,0,1
422435841,1,0,78,1,1,0
481961410,1,0,75,12,0,0
5015003830,1,0,72,24,0,1
506830510,1,0,70,8,0,0
5111487361,9,0,32,177,1,0
5111699140,2,0,62,23,0,0
5111699141,6,0,62,39,1,0
5112983330,1,0,22,6,0,0
5113708841,3,0,17,18,1,0
5114830261,4,0,68,26,1,0
5115008110,1,0,22,10,0,0
5115169321,10,0,62,83,1,0
5116170520,5,0,62,54,0,0
5117099250,10,0,63,352,0,0
5117099251,2,0,63,515,1,0
5117244600,1,0,62,16,0,1
5117244601,3,0,62,30,1,0
5119208030,5,0,62,119,0,0
5119208031,6,0,62,160,1,0
5119552701,4,0,62,101,1,1
5120538931,6,0,33,48,1,0
5120631731,10,0,62,152,1,0
5123037850,1,0,73,58,0,0
5123040070,1,0,62,25,0,0
5124977510,2,0,62,71,0,0
5125569290,1,0,22,81,0,0
5125569291,211,0,22,1912,1,0
5127585091,3,0,23,7,1,0
5128341850,1,0,5,11,0,1
512850130,1,0,70,26,0,0
5129189210,13,0,72,24,0,0
5129189211,2,0,72,62,1,0
5129489020,1,0,52,54,0,0
5131829800,1,0,62,21,0,1
5131829801,2,0,62,7,1,0
5132921440,6,0,58,30,0,0
5132921441,1,0,58,157,1,0
5133346491,37,0,63,349,1,0
5133494720,6,0,52,33,0,0
5133685140,25,0,62,314,0,0
5133685141,18,0,62,93,1,0
5134229150,2,0,62,32,0,0
5134547281,9,0,17,390,1,0
5134589760,1,0,22,6,0,0
5134589761,6,0,22,34,1,0
5135805630,2,0,62,222,0,0
5136082161,13,0,67,102,1,0
5136204921,6,0,72,16,1,0
513704010,1,0,69,5,0,0
5137235771,3,0,61,46,1,0
5137974491,22,0,42,257,1,0
5138635550,1,0,15,66,0,0
5140056930,3,0,62,27,0,0
5141927490,1,0,32,11,0,0
5141927491,5,0,32,40,1,0
5142776641,6,0,62,25,1,0
5146277361,2,0,11,21,1,0
5153580831,7,0,46,9,1,0
5159433551,29,0,2,31,1,0
516110690,1,0,69,19,0,0
546168750,1,0,65,27,0,0
559852200,1,0,62,20,0,1
562261450,1,0,62,19,0,0
56374910,1,0,83,33,0,0
5700026910,1,0,62,19,0,0
5700031861,4,0,72,74,1,0
577484361,3,0,59,38,1,0
5800964280,1,0,5,6,0,0
5805351281,4,0,62,28,1,1
592805940,1,0,56,2,0,0
593071811,2,0,57,31,1,1
6018748520,2,0,42,28,0,0
612586120,1,0,39,8,0,0
654951450,2,0,69,22,0,0
655924041,4,0,68,81,1,0
656540631,3,0,39,9,1,0
656546421,2,0,39,28,1,0
656569511,2,0,39,2,1,0
658814430,3,0,69,17,0,0
658814431,4,0,69,58,1,0
658869881,2,0,70,27,1,0
658973241,3,0,74,5,1,1
659134850,1,0,38,2,0,0
660124361,4,0,39,43,1,0
660245481,2,0,39,21,1,1
660282261,3,0,39,0,1,0
661411021,2,0,39,1,1,0
661982501,2,0,39,3,1,0
662009080,2,0,39,22,0,0
662009081,3,0,39,4,1,0
664110590,2,0,38,15,0,1
664866711,2,0,37,64,1,1
664873640,1,0,37,1,0,0
664886281,2,0,37,2,1,0
664889581,2,0,37,46,1,1
665582631,2,0,37,18,1,0
665880541,4,0,38,16,1,0
666707871,2,0,38,37,1,0
666935571,4,0,38,53,1,0
666947380,1,0,38,1,0,0
666950161,5,0,38,55,1,0
671752401,2,0,67,5,1,1
671797130,1,0,62,8,0,1
672336430,4,0,80,33,0,0
672690011,7,0,62,26,1,0
672990991,2,0,74,11,1,0
673293591,2,0,66,19,1,1
674265930,1,0,78,5,0,0
674347121,2,0,66,27,1,1
674560041,2,0,76,40,1,0
674631250,3,0,64,36,0,0
674631251,3,0,64,30,1,0
675005531,2,0,81,15,1,0
676652731,4,0,61,8,1,0
677305071,1,0,70,16,1,0
678728380,3,0,82,22,0,0
678728381,2,0,82,72,1,1
678751121,2,0,75,25,1,0
678751460,4,0,69,56,0,0
679976841,2,0,70,3,1,0
680060551,6,0,59,22,1,0
681198090,2,0,72,20,0,0
681936551,16,0,56,86,1,0
682494161,2,0,67,10,1,1
682971911,2,0,58,2,1,0
683244330,1,0,59,21,0,0
683418900,2,0,71,10,0,0
683418901,2,0,71,3,1,1
683728121,2,0,63,34,1,0
684586110,1,0,65,4,0,0
685097281,3,0,69,19,1,1
685456150,1,0,67,19,0,0
685464641,7,0,76,16,1,0
686704390,3,0,66,24,0,0
686706601,4,0,59,32,1,0
686739791,5,0,61,67,1,1
686839371,2,0,65,31,1,1
687310821,2,0,64,11,1,1
687554950,1,0,61,13,0,0
688541241,2,0,77,11,1,0
689436460,1,0,77,22,0,0
689436461,7,0,77,61,1,0
690872601,2,0,65,22,1,0
693379701,3,0,67,8,1,0
694970300,1,0,71,4,0,1
697528710,1,0,69,8,0,1
69789440,1,0,81,17,0,0
697907800,1,0,68,31,0,0
697907801,6,0,68,84,1,0
700255491,4,0,80,32,1,0
702670831,2,0,71,21,1,0
703470590,2,0,78,4,0,0
708121361,2,0,78,5,1,0
715229321,3,0,81,9,1,0
717420350,1,0,75,56,0,0
717420351,4,0,75,45,1,0
726750510,1,0,71,0,0,1
735604761,3,0,74,19,1,1
736861560,1,0,76,44,0,0
736861561,2,0,76,21,1,1
744145581,2,0,79,13,1,0
774269301,2,0,83,30,1,1
781927541,3,0,73,15,1,0
787810281,2,0,87,11,1,1
796492401,4,0,73,5,1,0
798226720,8,0,71,31,0,0
798226721,1,0,71,74,1,0
798226980,1,0,66,12,0,1
94914161,2,0,79,15,1,0
2015014340,1,1,32,6,0,0
566165920,1,1,61,7,0,0
95906211,2,17,75,12,1,0
526384590,1,23,67,5,0,0
224272721,2,25,55,78,1,0
94777121,2,26,85,34,1,0
2041361471,2,31,29,7,1,0
284050661,1,42,51,22,1,1
544889940,1,44,65,5,0,0
507308111,4,45.75,71,48,1,1
504543471,2,51,71,36,1,1
224822100,1,60,56,2,0,0
11226210,1,61,75,12,0,1
224836630,1,61,55,10,0,1
226945330,2,61,55,13,0,0
227343130,1,61,55,0,0,0
227344381,1,61,55,57,1,0
270810410,1,61,71,2,0,0
270852320,1,61,63,10,0,1
292946000,1,61,48,14,0,1
294140001,2,61,49,8,1,0
294782371,1,61,49,21,1,1
295486250,1,61,49,16,0,0
437512470,1,61,72,2,0,1
437512471,2,61,72,7,1,1
444611501,4,61,75,157,1,0
507332030,1,61,71,6,0,0
508182770,1,61,70,13,0,1
508182771,2,61,70,26,1,0
522536551,2,61,68,11,1,0
565057951,2,61,61,0,1,0
559784641,2,76.5,62,38,1,0
553863871,2,78.5,63,20,1,0
2038865691,2,81.5,30,4,1,1
219184120,1,84,35,3,0,0
3064240450,1,88,60,0,0,1
3069002181,2,88,73,3,1,0
35474861,2,88,85,32,1,1
586910490,1,88,57,16,0,0
2046794921,2,93.5,28,22,1,0
2057343041,2,94.5,26,6,1,1
3017252711,2,100,33,14,1,0
572621640,2,100,60,24,0,0
3128425941,2,102.5,46,5,1,1
320268251,2,103.5,47,57,1,0
536322791,5,107,66,7,1,0
3006038911,3,123.3333333,35,13,1,0
344210241,2,129.5,44,12,1,0
267881090,1,137,68,29,0,0
3006989901,5,139.8,35,37,1,0
522530511,2,140,68,27,1,1
53953710,1,152,75,6,0,0
53953711,2,152,75,6,1,0
219184121,5,163.6,35,4,1,0
566165921,2,172.5,61,46,1,0
2044510411,2,173,29,5,1,0
500078061,2,173,72,79,1,0
2038878150,1,186,30,1,0,0
2038885991,2,186,30,28,1,0
2038982001,2,186,30,4,1,0
2038999191,2,186,30,9,1,0
536442171,4,186,66,19,1,0
536462950,1,186,66,12,0,0
518079230,2,189,69,18,0,1
3011356461,4,195.5,34,22,1,0
3094245391,2,198.5,62,7,1,0
592506211,2,198.5,57,28,1,0
82829980,1,202,73,8,0,0
488986131,2,203.5,92,17,1,0
360451690,1,205,42,26,0,0
597342280,1,205,55,23,0,1
373891030,1,206,42,6,0,0
383074271,1,206,46,6,1,0
513916540,1,206,68,6,0,1
292844600,1,208,49,24,0,0
292844781,2,209,49,34,1,0
502892480,1,209,71,20,0,0
292799731,3,211.6666667,49,37,1,0
268149471,2,214,71,32,1,1
338529141,4,220.5,45,24,1,0
586967820,1,221,57,5,0,1
221234590,2,231,56,20,0,1
532740150,4,244,67,46,0,0
249928771,2,251,52,16,1,0
555428720,3,251,63,0,0,1
272019120,2,254.5,48,15,0,0
272019121,2,254.5,48,34,1,0
292808071,2,257.5,50,41,1,1
3149909871,2,257.5,25,9,1,0
432458100,2,257.5,40,11,0,0
106983300,2,258,73,30,0,0
347636071,2,258,36,18,1,0
393350471,2,258,38,10,1,0
3149917120,2,259,25,7,0,0
3182210411,2,259,24,9,1,0
345090261,2,259,44,41,1,1
373809380,2,259,41,12,0,0
491732481,2,259,41,21,1,0
279754571,2,259.5,51,18,1,0
345549981,2,259.5,44,14,1,0
224265141,4,263.25,55,7,1,0
324376671,3,264,47,38,1,1
3002379061,2,264.5,35,5,1,1
3011552891,2,265.5,34,0,1,0
337675341,5,269.4,44,15,1,0
577812211,2,274.5,59,44,1,0
16712050,1,276,75,24,0,0
218090250,1,276,39,7,0,0
360383470,1,276,42,9,0,0
398309140,1,276,38,7,0,0
501932911,2,276,71,26,1,0
363214041,4,276.25,42,14,1,0
227389911,2,278,54,25,1,1
3181626251,3,286,25,2,1,0
149097740,1,288,70,21,0,1
357408771,3,290.3333333,43,7,1,1
72831790,2,302,73,33,0,0
271782191,4,303.25,47,51,1,0
308334610,1,304,77,20,0,0
347536401,3,308,36,19,1,0
268149470,1,310,71,30,0,0
288539920,1,310,50,6,0,1
3087789430,1,310,61,34,0,0
3089396440,1,310,67,7,0,1
3089396770,2,310,35,13,0,0
3118666850,1,310,46,9,0,1
368281840,1,310,37,2,0,0
527914230,1,310,40,1,0,0
587386000,1,310,57,9,0,0
589394551,2,310,57,4,1,0
604791360,1,310,80,12,0,0
78351840,1,310,75,7,0,1
3101082531,2,310.5,54,27,1,0
593672501,2,310.5,57,22,1,1
243070430,1,316,52,14,0,0
524715470,1,320,68,19,0,1
109870891,2,322,74,37,1,0
2091099331,2,322.5,22,19,1,0
387516651,3,322.6666667,38,19,1,0
34899601,3,323.3333333,76,38,1,0
51358920,2,324,80,5,0,0
3016440680,1,329,33,18,0,1
72831791,5,330,73,68,1,0
222136720,1,331,56,12,0,1
501432960,1,331,71,15,0,0
565372511,4,332,61,52,1,0
537891941,12,333.75,63,80,1,0
567947121,15,334,61,85,1,0
373874870,1,335,42,5,0,0
405554500,1,335,41,14,0,0
2006731431,3,339,33,14,1,0
3028402020,1,340,32,5,0,0
296794040,1,341,49,2,0,0
526384591,5,342.8,67,75,1,0
340299911,2,343,45,6,1,0
109870890,1,345,74,22,0,0
284106600,1,345,51,0,0,1
92370251,4,345,79,55,1,0
242199411,2,346,53,17,1,0
223450031,2,351,56,29,1,0
284115511,1,358,51,4,1,1
2048619001,2,358.5,24,3,1,0
539938041,2,358.5,65,37,1,0
363393560,2,361,42,5,0,0
2041342251,3,363,30,14,1,1
293258421,2,363.5,50,3,1,1
146690550,2,371,65,3,0,1
522830740,1,379,68,30,0,1
12977611,12,382.1666667,72,88,1,0
279901591,2,387.5,51,42,1,0
14204471,2,388.5,74,38,1,0
229436741,6,388.8333333,55,36,1,0
243020771,2,392.5,52,49,1,0
559580861,2,399,62,19,1,1
256756951,2,402.5,48,29,1,0
238225130,1,410,54,21,0,0
234862771,2,411,52,25,1,0
229243020,3,413.6666667,54,33,0,0
3011557430,1,414,34,3,0,1
36931401,4,417,73,70,1,0
321633391,2,420,47,3,1,1
363039310,1,421,42,0,0,1
265968581,4,425.75,35,31,1,0
451631441,4,431,74,22,1,0
341550771,2,434.5,44,20,1,0
434687761,2,434.5,40,26,1,0
279749300,1,435,51,8,0,1
240475651,2,438,53,4,1,0
634604631,4,440.75,66,60,1,0
289189361,4,449.75,50,35,1,0
391018941,4,455.25,39,38,1,0
391245401,2,459,39,19,1,0
292760291,2,460.5,49,11,1,0
302725461,10,462.2,72,131,1,0
548905201,7,467,64,87,1,0
654951451,2,467.5,69,11,1,0
237135550,1,471,53,1,0,1
387383401,2,473.5,46,29,1,0
2061640481,6,477.8333333,27,0,1,0
250243321,2,481,49,15,1,0
252061521,2,483,49,20,1,0
149097741,2,486,70,42,1,1
160232441,4,486.75,59,18,1,0
3146705221,2,487,26,2,1,1
3157291371,4,489.5,26,17,1,0
505363901,2,490.5,71,15,1,0
290865351,4,491,50,28,1,0
2048823281,2,492,27,10,1,1
344188301,2,494.5,44,10,1,1
522718220,2,499,67,22,0,0
581357650,1,499,58,13,0,1
397878411,3,499.3333333,38,32,1,0
42543710,1,500,78,24,0,1
321089791,5,500.6,46,6,1,0
435488251,2,501,40,9,1,1
363007541,2,502.5,42,22,1,1
382496111,3,504,46,41,1,1
238359601,3,507,53,44,1,0
514519951,2,507,67,25,1,0
565361210,3,507.6666667,61,39,0,0
513751781,11,511.0909091,70,61,1,0
556199851,4,512.75,62,92,1,0
285657031,2,514,50,36,1,1
534258800,4,516.25,66,10,0,1
3193458561,3,516.3333333,31,0,1,0
654603961,3,516.3333333,66,7,1,0
344522271,2,518,44,6,1,0
501461411,3,519.6666667,71,26,1,0
566806551,2,521.5,61,14,1,0
179134271,2,522.5,44,19,1,0
2015044791,4,523.25,32,26,1,0
3004324081,2,524.5,35,27,1,1
414755751,4,533.5,83,36,1,0
540032071,3,535,65,14,1,0
335542390,3,538,45,0,0,0
555306461,2,540,62,48,1,0
59893061,2,543,73,34,1,0
535859230,2,546,67,18,0,1
548931281,4,546.5,64,28,1,0
94863251,2,548,79,26,1,0
78351841,2,550.5,75,29,1,0
544882911,2,551.5,65,30,1,0
93213990,1,552,73,54,0,0
530271161,4,552.25,67,15,1,1
291316611,2,552.5,50,28,1,0
241485531,8,556.625,52,38,1,0
223241641,9,558.6666667,54,13,1,0
317470411,13,560.9230769,47,88,1,0
552991921,23,561.4347826,63,102,1,0
97089590,1,570,74,1,0,0
565940470,3,573.6666667,61,38,0,0
288744440,6,574.3333333,50,37,0,0
527864231,3,576.3333333,67,40,1,1
513741481,2,577.5,70,51,1,1
292817221,4,578.25,50,28,1,0
433749821,4,578.25,40,32,1,0
255643600,1,580,48,9,0,0
56160321,3,580.3333333,74,15,1,0
58294521,15,580.6,74,112,1,0
224812381,4,580.75,56,52,1,0
339564261,3,592,44,5,1,0
575039060,2,592,60,14,0,1
324391841,6,593.8333333,47,36,1,0
96190570,1,594,76,54,0,0
109696811,2,595.5,73,23,1,0
341553581,2,597,44,35,1,0
266811221,2,597.5,69,11,1,1
452549350,6,602.8333333,76,4,0,0
532740151,3,605.3333333,67,20,1,0
519794900,5,607,68,38,0,0
18210650,1,609,77,5,0,0
299757521,2,610,41,24,1,0
93410901,3,611.6666667,79,51,1,0
303807291,2,612.5,74,49,1,1
216598261,2,618,37,7,1,0
555343331,7,618,62,106,1,0
53885411,8,618.875,72,21,1,0
508273851,2,619,70,29,1,1
574641820,1,621,67,17,0,0
501004861,2,622,47,10,1,0
523641220,1,624,67,12,0,1
513624240,1,626,70,22,0,0
522793381,4,626.5,67,77,1,0
103216101,3,627,74,0,1,0
567610340,1,627,62,27,0,1
532779191,4,629.5,67,16,1,1
514394951,2,631.5,69,51,1,1
2120020261,3,631.6666667,21,0,1,1
229272060,1,632,54,1,0,1
505507891,6,632.3333333,71,43,1,0
406167651,2,635.5,40,57,1,0
565325910,1,640,61,3,0,0
240423430,1,641,52,18,0,0
518788411,2,641.5,68,79,1,1
555953000,2,647.5,63,22,0,1
376611961,2,648.5,46,37,1,0
135556281,18,648.7222222,67,148,1,0
2150247611,3,649,18,0,1,0
552849470,1,649,64,28,0,1
345093151,6,651.3333333,44,27,1,0
366048741,2,651.5,37,22,1,0
452549351,2,653,76,6,1,0
653605961,2,653,69,5,1,0
375665360,1,655,46,16,0,0
67504421,2,656,80,62,1,1
239562530,1,659,53,1,0,1
535845530,4,663,66,68,0,0
304282960,2,664,72,27,0,0
522526400,2,664,68,8,0,0
636824471,2,665.5,72,65,1,1
2039212590,1,666,30,11,0,0
288506591,4,668,50,47,1,0
277491751,4,668.5,51,21,1,0
501831511,2,669,71,41,1,0
394447401,2,670.5,37,1,1,0
577836231,4,671,59,54,1,0
3109275201,2,672,55,37,1,0
596842171,2,672,56,6,1,0
330160311,4,673,45,29,1,1
373871561,4,674.75,42,18,1,0
317467200,1,676,47,45,0,0
12596210,3,677,83,17,0,0
523003571,8,677.5,68,49,1,0
329024541,2,678.5,43,32,1,0
326830700,1,680,36,3,0,1
567118981,7,682.8571429,61,61,1,0
58956100,1,684,83,30,0,0
522055641,2,686.5,68,13,1,1
559784640,2,687,62,13,0,0
220532431,6,687.8333333,53,30,1,0
428728461,2,689.5,76,21,1,0
147585100,1,690,81,12,0,1
532790970,1,690,67,22,0,1
396917381,2,691.5,38,10,1,0
370108731,2,692,36,11,1,0
513721910,1,693,70,27,0,0
257031581,2,699,48,11,1,0
48774291,1,699,72,47,1,0
94191511,6,699.6666667,81,15,1,0
97411901,3,700.6666667,76,27,1,0
375676741,2,701,46,44,1,0
244899240,1,702,52,20,0,0
2063193031,2,710.5,27,8,1,0
360383471,2,713,42,37,1,0
321176731,4,713.75,47,44,1,1
384070290,1,714,46,5,0,0
362717651,1,715,43,9,1,0
513804261,7,715.5714286,69,61,1,0
252416620,1,716,48,11,0,0
554024810,2,716,63,23,0,0
218189501,8,720.875,46,20,1,0
3112279871,2,723,28,7,1,0
339111401,2,724,45,24,1,0
503352641,2,725.5,71,14,1,1
574775640,1,726,59,0,0,0
342557451,2,727.5,44,14,1,1
2079076191,2,728,26,4,1,0
513798320,1,728,69,6,0,0
12596211,4,728.75,83,1,1,0
343468820,6,731.6666667,44,14,0,0
178613861,5,734.2,54,18,1,0
273375260,1,735,47,22,0,0
345154371,2,736,44,25,1,1
533129301,6,737.1666667,67,97,1,0
515429591,5,739.2,70,2,1,0
541789341,2,740,64,43,1,1
96190571,4,741,76,40,1,0
331173671,2,741.5,45,12,1,0
157394441,2,742.5,55,10,1,0
406152881,2,742.5,40,13,1,0
296794041,2,744.5,49,8,1,0
229243021,8,745.75,54,24,1,0
93213991,10,750.2,73,100,1,0
564586151,4,750.5,61,36,1,1
345087131,11,750.9090909,44,111,1,0
391191101,2,751,39,25,1,0
368571591,3,754.6666667,37,11,1,0
414340691,2,755.5,74,45,1,0
264367091,2,756,48,31,1,0
321087140,1,756,47,1,0,0
421376950,1,757,75,25,0,0
548794160,1,757,64,11,0,0
423893531,2,757.5,73,19,1,1
487018410,1,759,75,5,0,0
317473630,1,760,47,19,0,0
93179831,2,760,75,75,1,0
3114878051,2,760.5,28,11,1,0
600768171,2,760.5,79,15,1,1
501440961,7,760.8571429,71,30,1,0
223243051,2,763.5,54,32,1,1
3049343341,2,765.5,31,33,1,0
559852201,2,766,62,52,1,0
336736091,3,766.6666667,45,0,1,1
435673381,2,767,86,10,1,0
215288230,1,769,37,5,0,0
94429221,13,769.1538462,73,88,1,0
395109461,2,770,38,14,1,0
595018901,2,770,56,15,1,1
172146771,4,772,62,28,1,0
347772841,2,773,44,35,1,0
257847451,2,774,48,16,1,0
627359561,2,774,72,2,1,0
220741321,2,774.5,56,11,1,0
556604430,2,776.5,63,16,0,0
93410900,2,776.5,79,20,0,0
317473631,2,777,47,14,1,0
2054040801,2,781.5,27,13,1,0
540358860,2,781.5,66,9,0,0
126022980,1,783,52,11,0,1
255696900,2,784,48,14,0,0
60023561,2,784.5,79,3,1,1
97089591,2,784.5,74,0,1,0
529748051,2,785.5,40,19,1,0
2077538561,2,786,24,13,1,0
365308551,2,786,37,3,1,1
2091061451,1,787,22,13,1,1
360387501,8,788.375,42,56,1,0
406203951,2,789.5,41,28,1,0
513989721,2,789.5,68,9,1,1
645971070,2,789.5,71,30,0,0
345086711,3,790.6666667,44,11,1,0
553000571,4,791.75,64,13,1,0
3003926931,2,793,35,7,1,0
521798011,2,793,68,55,1,0
535859231,11,793.9090909,67,40,1,0
345087130,2,795,44,35,0,1
504811421,2,795.5,71,44,1,0
126022981,4,796,52,50,1,0
292830581,2,797.5,49,31,1,0
314257211,3,798.3333333,44,5,1,0
450426110,1,799,84,1,0,1
519794901,4,799,68,76,1,0
2013492551,2,800,33,12,1,1
516488480,5,802.4,69,79,0,1
380564460,2,802.5,36,7,0,0
547016441,6,803.3333333,65,62,1,0
93533680,1,804,74,15,0,0
92549131,2,804.5,82,42,1,0
249923490,1,805,52,19,0,0
534401370,1,805,66,10,0,0
145073960,1,806,58,11,0,0
296771841,3,807,49,44,1,0
533357901,2,808.5,66,29,1,0
266670970,1,809,41,19,0,1
440804300,1,810,79,3,0,0
511458291,2,813.5,69,26,1,0
363170140,3,816.6666667,42,9,0,0
547939061,2,820,63,0,1,0
528440401,4,822.25,67,30,1,1
228430230,1,823,55,2,0,1
289189360,1,823,50,17,0,0
221234591,4,823.75,56,31,1,0
649093691,4,824.75,67,32,1,0
2006185280,1,826,34,3,0,1
229394741,2,826,54,15,1,0
565352060,1,827,15,18,0,1
541135431,8,827.5,65,135,1,0
384219131,1,828,46,36,1,1
239374850,1,829,52,31,0,1
532521771,27,829.7777778,67,235,1,0
273573001,2,830,47,28,1,1
274663660,2,831,48,5,0,1
242630631,2,834,52,22,1,1
556967101,7,834.7142857,63,96,1,0
284126901,3,835.3333333,50,5,1,1
547507241,2,839.5,64,2,1,0
3088621681,5,841,49,26,1,1
509605581,2,842.5,70,10,1,0
136496520,1,845,74,0,0,1
19129890,1,845,73,5,0,0
553710091,4,850,63,65,1,0
228735251,2,850.5,55,15,1,1
286269351,4,853.5,50,27,1,0
228890340,1,855,55,11,0,0
332362901,2,855.5,45,18,1,0
559837791,6,855.6666667,62,52,1,0
79197151,4,857,84,15,1,0
362123301,2,857.5,42,34,1,0
500959420,1,858,71,25,0,0
94562290,2,858,74,21,0,1
529600441,1,859,40,7,1,0
638247340,1,859,77,32,0,1
2005817001,2,859.5,33,25,1,0
3011559821,2,859.5,34,17,1,0
556667961,2,859.5,63,9,1,0
553787151,3,861,63,17,1,1
556199850,1,861,62,23,0,0
513751780,2,862.5,70,30,0,1
597640430,1,865,56,26,0,0
315796340,1,867,43,8,0,0
55993290,1,868,77,20,0,0
58956101,8,868.5,83,65,1,0
43971621,4,869.5,72,70,1,0
520951890,1,870,68,3,0,1
3028486271,2,872,33,0,1,0
238048750,2,874,53,15,0,0
247461821,3,874,50,67,1,0
39016001,2,874,78,28,1,1
255717461,6,875,48,70,1,0
317487831,3,875,47,49,1,0
302168160,1,878,72,8,0,0
249938001,2,879,52,13,1,0
522830741,3,879.6666667,68,62,1,0
376913910,4,880.75,46,1,0,0
375354241,2,882.5,46,25,1,0
60023560,2,883.5,79,12,0,0
304414141,1,884,72,73,1,0
94142441,2,884.5,75,40,1,0
56232440,1,885,22,0,0,0
554024811,27,885.2222222,63,218,1,0
220721281,2,885.5,56,9,1,0
555314201,3,886.6666667,62,28,1,0
302169721,2,887,72,0,1,1
492934421,2,888,74,33,1,0
509692451,4,889.25,70,38,1,0
30370331,9,889.6666667,83,80,1,0
332490460,4,889.75,45,18,0,0
516229421,3,890.3333333,69,73,1,0
534127061,2,890.5,67,13,1,0
513999540,4,891,68,6,0,1
92864930,1,892,79,10,0,0
3014124901,2,893.5,34,2,1,0
263898091,5,893.8,48,28,1,0
237303771,1,894,53,8,1,0
277476661,4,894.5,51,50,1,0
421468031,1,897,73,33,1,0
286699760,2,897.5,50,20,0,0
330894341,2,899,45,11,1,0
3008195131,4,899.5,34,26,1,0
552830711,2,901.5,64,14,1,0
298189781,7,902,46,1,1,0
92206330,1,902,81,18,0,1
301890131,7,903.1428571,72,12,1,0
125469901,2,908,79,41,1,1
283557821,2,908,50,1,1,0
35946520,1,909,75,5,0,0
284053060,3,910.3333333,51,44,0,0
302169720,2,912.5,72,0,0,0
202251161,2,913,80,25,1,0
56374911,8,913.875,83,61,1,0
42543711,6,914.3333333,78,95,1,0
528268721,2,914.5,67,7,1,0
3113662561,2,915.5,28,10,1,0
324344581,12,915.5,46,33,1,0
267962270,3,917,66,2,0,1
169564271,4,917.75,57,0,1,0
375665361,5,918,46,39,1,0
56044341,6,918.3333333,72,83,1,0
233865191,2,918.5,53,7,1,1
383946640,1,919,46,3,0,1
279745341,2,919.5,51,51,1,0
92864931,4,919.5,79,39,1,0
433833551,2,920,40,1,1,0
280725100,1,923,51,29,0,0
530271160,1,923,67,45,0,0
2074748831,2,923.5,24,9,1,1
304230731,2,924.5,72,20,1,0
284106601,3,925,51,11,1,0
320462031,9,926.8888889,47,54,1,0
348417671,4,928,42,48,1,0
55873400,1,928,74,35,0,0
2116222611,2,930,21,23,1,0
519640700,3,932,68,45,0,1
319663361,6,932.1666667,47,87,1,1
240430101,2,934,52,10,1,0
2066849871,4,935.75,22,5,1,0
317232321,2,938,43,19,1,0
3020486811,4,939,33,19,1,0
405993911,2,939.5,41,10,1,0
516291601,2,940,68,56,1,0
559879941,1,940,62,1,1,0
382274431,12,942.3333333,46,83,1,0
572123181,13,944.7692308,60,170,1,0
574766731,2,945.5,59,14,1,0
248245751,7,945.5714286,51,29,1,0
509115100,3,947.6666667,70,20,0,0
92206331,2,950.5,81,50,1,0
32445481,3,953.6666667,74,34,1,0
255717201,4,954.75,48,44,1,0
345128630,1,955,44,22,0,0
131133781,2,955.5,54,35,1,0
238143040,1,957,53,3,0,1
361546641,2,957,42,2,1,0
572347751,2,957,59,30,1,1
522332930,2,961.5,67,17,0,1
546494050,2,963.5,65,18,0,0
338529140,1,965,45,3,0,1
2004702841,2,966,34,27,1,0
429707981,4,966,78,65,1,1
3094245541,4,966.25,32,13,1,1
532725301,6,968.3333333,67,71,1,0
575408901,2,969.5,58,33,1,0
302333241,5,969.8,72,29,1,1
69815751,5,969.8,75,90,1,0
146802351,2,970,72,0,1,0
2005557461,5,972.8,34,11,1,0
228430231,2,973,55,3,1,0
288497350,1,973,50,5,0,0
156015110,6,977.3333333,59,24,0,0
288259821,3,977.3333333,51,15,1,0
534414650,4,978,66,11,0,0
565325001,2,978,61,30,1,0
40875811,2,979,79,31,1,1
222518130,1,983,57,8,0,0
69815750,1,983,75,32,0,1
509032441,2,983.5,70,21,1,1
517822410,1,984,68,5,0,1
93318440,1,984,75,29,0,1
433769791,2,984.5,40,26,1,0
2013510040,1,985,33,2,0,0
2137773371,1,985,18,0,1,1
226924121,3,985,55,14,1,0
238078291,2,985,53,6,1,0
545252251,2,986.5,65,51,1,0
567402021,5,988.8,61,110,1,0
272484261,2,989,47,51,1,0
300852451,2,989,72,351,1,1
225482911,4,990,54,31,1,0
292878101,6,992.1666667,50,34,1,0
104178301,4,993.25,72,23,1,0
220620381,2,993.5,55,26,1,0
250507411,2,994,49,21,1,1
513841960,2,994,69,1,0,1
2079793451,3,994.3333333,23,0,1,0
565967291,7,994.5714286,61,88,1,0
93655111,7,995,76,87,1,0
286259451,2,995.5,50,25,1,1
333526181,2,996,45,57,1,0
250517491,4,996.75,49,41,1,0
522484241,6,996.8333333,68,91,1,0
301890130,3,997,72,27,0,0
292878771,2,999,50,36,1,0
318057990,1,999,47,25,0,1
55833720,1,999,76,32,0,0
553656701,4,1000.5,63,19,1,0
505363170,1,1001,71,1,0,1
505363171,1,1001,71,31,1,0
2004872390,1,1004,34,13,0,0
556505681,2,1004.5,63,53,1,1
79197150,4,1005.5,84,17,0,0
376913911,4,1006,46,5,1,0
554621700,2,1007,63,6,0,0
584157461,2,1007,58,16,1,1
431053860,1,1008,41,1,0,0
2058090721,2,1008.5,27,13,1,0
301094091,6,1008.5,72,85,1,0
243005500,1,1009,52,3,0,0
92835321,4,1009.5,79,22,1,1
501432961,9,1010.777778,71,131,1,0
59020021,2,1011,72,64,1,0
547005540,3,1012.333333,65,18,0,0
3182924551,3,1013.333333,24,3,1,0
514278131,3,1013.666667,68,21,1,0
238048751,3,1014.666667,53,55,1,0
547494451,2,1015,64,16,1,1
555328991,2,1015,62,27,1,0
75857140,1,1016,87,25,0,0
391192680,1,1017,39,16,0,0
295822770,2,1019,49,42,0,0
318104271,2,1019,47,46,1,0
326233321,2,1019,38,24,1,0
264105481,6,1019.5,48,41,1,0
2060080471,2,1021.5,27,6,1,1
220532430,1,1022,53,5,0,0
584944851,4,1022.5,58,19,1,0
544889941,2,1023,65,5,1,0
69158130,2,1023.5,77,50,0,0
422563131,3,1026.333333,41,19,1,0
31023991,11,1026.363636,75,85,1,0
240430100,2,1027,52,7,0,0
125650730,1,1028,57,31,0,1
18684620,1,1028,93,6,0,0
286271980,1,1028,50,27,0,0
497722620,1,1028,78,7,0,0
265992251,2,1029,34,4,1,0
511457530,1,1029,69,41,0,1
295661971,29,1029.068966,49,90,1,0
3185771450,1,1030,24,2,0,0
3191509591,2,1030,23,16,1,0
3192267590,1,1030,63,0,0,0
435246021,3,1031.333333,85,38,1,0
2133839201,4,1031.5,19,0,1,0
549327441,4,1031.5,64,25,1,0
3150390811,3,1033,25,2,1,0
333362721,4,1033.25,45,21,1,0
289579421,1,1034,50,16,1,0
2136006381,2,1034.5,19,5,1,0
549333121,2,1034.5,64,24,1,0
519700931,5,1034.8,68,6,1,0
52728771,2,1035,74,27,1,0
540638471,2,1035.5,66,19,1,0
504403121,2,1036.5,71,15,1,0
92485431,4,1036.75,82,34,1,0
292872571,2,1037,50,8,1,1
515100550,1,1038,68,22,0,0
93213811,2,1038,73,6,1,0
427280890,3,1039,85,42,0,0
61800951,2,1039,76,38,1,0
336471161,2,1041.5,45,0,1,1
508995331,2,1041.5,70,39,1,1
562271761,2,1042,62,0,1,1
404994101,3,1043.666667,41,20,1,0
345121521,4,1052.25,44,9,1,0
338555861,4,1052.5,45,23,1,1
2015014341,2,1053,32,24,1,0
169163551,2,1053.5,68,37,1,1
238005271,11,1053.636364,53,28,1,0
565044261,3,1054.666667,61,75,1,1
333853030,1,1055,46,5,0,1
564584581,5,1055,61,16,1,0
281291791,4,1056.5,51,39,1,0
604414410,2,1057,75,11,0,0
597342281,3,1057.333333,55,36,1,0
514109000,3,1057.666667,70,11,0,0
92308631,4,1057.75,79,69,1,0
82829981,7,1058.428571,73,48,1,1
339940051,4,1058.5,44,7,1,0
136626970,1,1060,58,27,0,0
3007995821,4,1060.5,34,14,1,0
301335730,1,1063,72,36,0,0
503204561,6,1064.333333,71,41,1,0
243020770,5,1064.4,52,22,0,0
2067010391,2,1066,24,4,1,0
533126411,2,1066,67,44,1,0
645971071,20,1066.25,71,211,1,0
51358921,2,1067.5,80,44,1,1
363170141,6,1067.666667,42,60,1,0
419505440,1,1068,41,9,0,1
30420251,2,1069,82,26,1,0
93622290,2,1069,73,20,0,0
245310891,12,1069.666667,52,91,1,0
71369480,2,1071,85,6,0,0
516291600,1,1073,68,5,0,0
238961941,15,1074.533333,53,136,1,0
632986650,2,1075.5,72,9,0,0
3028632531,2,1076,29,0,1,0
322150061,10,1076.2,47,65,1,0
360421171,2,1077,42,26,1,0
565304470,1,1078,61,5,0,1
146802350,1,1079,72,0,0,0
297418570,2,1080.5,49,25,0,0
319551231,2,1082,46,13,1,0
565304471,6,1084.5,61,85,1,1
277443741,4,1085,51,97,1,0
498339731,3,1085,40,22,1,0
564571951,4,1089.75,61,11,1,0
2075196121,2,1090,22,0,1,0
324324371,2,1090,46,4,1,0
296771840,1,1091,49,20,0,0
382289200,1,1091,46,2,0,0
425308731,2,1091,79,21,1,0
3007208361,3,1095.666667,35,27,1,1
3002707740,1,1096,62,0,0,0
363032790,1,1101,42,0,0,0
417027211,4,1101,38,15,1,0
576814620,3,1101.333333,58,10,0,0
28745501,2,1102.5,73,31,1,0
153092970,1,1103,65,5,0,0
515711071,2,1103.5,69,42,1,0
507144011,3,1104.666667,70,6,1,1
17961011,9,1105.222222,90,60,1,0
3013870311,2,1106,34,39,1,1
571786341,2,1106,60,15,1,0
292893781,3,1107.333333,50,7,1,0
159824081,2,1108,46,20,1,0
228471071,3,1108,55,8,1,0
3194892171,2,1108,49,11,1,0
240431431,2,1109,52,59,1,0
577812210,3,1110.333333,59,0,0,0
574522600,1,1112,60,25,0,0
243532601,2,1113,52,32,1,0
250512851,7,1113,49,0,1,0
382267001,2,1114,46,59,1,1
549322800,1,1116,64,26,0,0
122361051,2,1116.5,60,27,1,0
305441340,1,1117,72,19,0,1
396303631,2,1118,37,26,1,1
284468131,5,1119.4,50,0,1,0
18359821,2,1120.5,72,13,1,0
286271981,6,1122.666667,50,76,1,0
14220881,6,1123.666667,83,25,1,0
292042031,1,1124,49,5,1,1
546904170,1,1126,65,20,0,0
2096438571,2,1128,25,4,1,0
3002845931,2,1129.5,35,11,1,0
589564421,4,1130.75,58,19,1,0
3031305460,1,1131,32,13,0,1
3037069640,1,1131,60,13,0,0
3037183811,3,1131,65,25,1,0
3039233790,2,1131,69,0,0,1
3039233871,2,1131,66,37,1,0
3039403810,1,1131,66,16,0,0
3040325501,2,1131,74,30,1,1
3042214681,14,1131,40,47,1,0
3042319211,2,1131,76,7,1,1
3042630720,1,1131,48,17,0,0
3043153361,2,1131,60,24,1,0
578789440,1,1131,59,6,0,0
578887111,23,1131,59,209,1,0
578897681,3,1131,58,19,1,0
579177911,2,1131,59,24,1,1
579183020,2,1131,59,31,0,1
579183021,4,1131,59,29,1,0
579186411,2,1131,59,12,1,0
579197711,2,1131,59,54,1,1
579238801,3,1131,59,0,1,0
579336320,1,1131,59,0,0,0
579859391,2,1131,59,15,1,1
267556780,1,1133,62,1,0,0
450426111,2,1136.5,84,21,1,1
510857691,2,1136.5,69,50,1,1
3002654691,6,1137.333333,35,18,1,0
55559661,2,1137.5,72,35,1,1
273974541,4,1139,48,31,1,0
330627461,3,1140,45,10,1,0
604758030,2,1142,40,20,0,0
302168161,4,1143.75,72,31,1,0
238007410,1,1144,53,15,0,0
38398590,1,1144,76,29,0,1
2079259180,1,1145,22,5,0,0
523644861,2,1145,67,2,1,0
324344580,1,1146,46,2,0,0
222136721,2,1147.5,56,19,1,0
2004911731,2,1148,34,24,1,0
2053926651,2,1148,28,2,1,1
330752191,3,1148,45,21,1,0
540226601,2,1148,66,26,1,0
63427940,1,1148,77,15,0,0
567404830,2,1149,58,31,0,0
335544451,4,1151.75,45,9,1,0
17010281,2,1154,83,29,1,0
342447561,2,1154.5,44,7,1,0
467675471,2,1154.5,72,68,1,1
305481191,4,1155.25,72,43,1,0
257238261,2,1156.5,48,33,1,1
368291661,4,1156.75,36,68,1,0
215288231,2,1157.5,37,16,1,1
118437940,1,1158,42,9,0,1
565381681,12,1158.833333,61,73,1,0
265964521,2,1159,35,10,1,0
3150371501,3,1160.666667,25,0,1,0
2067045461,2,1161,23,8,1,0
240434080,3,1165.333333,52,12,0,0
559093940,1,1167,62,3,0,0
98016061,13,1167.923077,77,137,1,0
3077898751,2,1170,73,32,1,0
517822411,5,1170.2,68,8,1,0
511457531,10,1170.6,69,111,1,0
305370051,10,1171.1,72,95,1,0
321152221,2,1175,47,34,1,0
266670971,3,1178,41,25,1,0
2074944931,2,1180,23,7,1,0
257031580,1,1180,48,8,0,1
255699551,5,1181.4,48,14,1,0
277432441,4,1182,52,8,1,0
3031303710,1,1182,32,12,0,0
578211260,1,1182,57,18,0,1
395893461,6,1183.833333,38,6,1,0
348022231,2,1187,44,32,1,0
3009606971,2,1189,34,41,1,0
319663360,1,1189,47,13,0,0
559382451,2,1189,62,25,1,0
565381680,4,1189.75,61,7,0,0
238200041,6,1190.833333,53,89,1,0
368133351,2,1192,37,2,1,0
279490980,3,1194.333333,51,18,0,0
324329811,1,1196,46,21,1,1
304282961,14,1199.142857,72,22,1,0
3064659311,2,1199.5,57,0,1,0
320303141,2,1200,47,20,1,0
541378151,2,1201,65,34,1,0
3017203301,4,1202,33,21,1,1
269581811,3,1204.333333,64,33,1,0
11226211,10,1206.3,75,30,1,1
369235551,2,1207,37,17,1,0
476706410,1,1207,77,12,0,1
92312751,5,1207,77,28,1,0
3048150121,3,1209,31,25,1,1
3049583821,2,1209,31,11,1,0
3051382991,1,1209,31,0,1,0
3059705430,1,1209,42,4,0,1
3060123111,2,1209,70,49,1,0
3142905940,1,1209,51,18,0,0
580090440,1,1209,58,25,0,0
580090691,2,1209,58,33,1,0
336387350,2,1212,45,17,0,0
512424021,2,1214,69,35,1,0
545252250,1,1216,65,23,0,0
2008045080,2,1216.5,33,9,0,1
332390391,2,1221.5,45,62,1,1
340327061,2,1221.5,45,17,1,0
522332931,8,1222.25,67,58,1,0
3114864351,2,1222.5,28,19,1,0
279819431,2,1224,51,3,1,0
284669281,2,1224,51,19,1,0
534258801,5,1225.4,66,41,1,0
119317221,2,1225.5,65,56,1,1
535845531,23,1227.73913,66,322,1,0
519205691,3,1228,69,22,1,1
255654901,4,1229.25,48,54,1,0
381698431,4,1229.25,36,30,1,0
481961411,2,1229.5,75,65,1,1
52986820,3,1231.333333,82,32,0,0
109965101,8,1233.75,76,54,1,0
238200040,3,1234.333333,53,46,0,0
279490981,2,1235,51,27,1,0
267564861,2,1237.5,65,55,1,1
292817220,3,1240,50,28,0,0
419562690,1,1240,40,4,0,0
391192681,2,1240.5,39,14,1,0
240435231,6,1241.833333,52,35,1,0
2005808431,5,1242.6,33,1,1,0
217803901,2,1244,38,23,1,0
552672491,9,1244.111111,63,122,1,0
115016401,4,1245,50,20,1,0
368014050,1,1246,37,0,0,0
642844661,2,1247,80,39,1,0
565339460,1,1249,61,21,0,1
504164860,2,1249.5,71,31,0,0
2005353341,2,1250,33,4,1,0
366656770,1,1250,37,8,0,0
3002650221,12,1251.333333,35,31,1,0
75857141,2,1254,87,34,1,0
2129379401,13,1254.076923,19,11,1,0
535257621,2,1254.5,66,19,1,0
121519991,2,1255,75,18,1,0
341491531,1,1257,44,79,1,0
534361351,2,1260,66,28,1,0
92214661,2,1263.5,74,4,1,0
286283860,3,1267.333333,50,33,0,0
230582661,2,1272,54,19,1,0
249778941,5,1277.6,51,11,1,0
31023990,3,1278.333333,75,10,0,0
324379150,1,1279,47,7,0,0
92152291,2,1282.5,75,62,1,1
141196711,4,1283.25,69,20,1,0
300410081,2,1283.5,80,8,1,0
255698800,2,1285,48,19,0,1
360451691,1,1285,42,7,1,0
502892481,4,1286.5,71,29,1,0
558235381,8,1290.375,58,0,1,0
654716740,2,1291,78,27,0,0
300852450,2,1292,72,53,0,1
320991781,2,1292,46,11,1,1
262735731,4,1293,48,5,1,0
3115709151,3,1294,28,19,1,0
342414631,2,1294,44,8,1,0
562283981,2,1295.5,62,38,1,1
32445480,2,1297,74,49,0,1
328963341,6,1297.333333,43,87,1,0
522364451,4,1297.75,67,0,1,0
284064941,2,1298,51,16,1,0
549186851,3,1298.666667,64,60,1,0
135554531,4,1298.75,71,33,1,0
558595731,2,1300.5,62,22,1,1
85989971,2,1302.5,83,14,1,1
315742471,5,1304.8,43,31,1,0
344210321,3,1305,44,21,1,1
529180750,2,1310,67,26,0,0
152784011,2,1311,70,31,1,0
3116600471,3,1311.666667,31,12,1,0
311128321,2,1312.5,42,5,1,0
513781231,4,1313.75,69,26,1,0
362715261,3,1316,43,30,1,1
3019326531,3,1317,48,20,1,0
567488901,3,1318.333333,61,12,1,1
288468631,2,1319.5,50,4,1,0
339133511,13,1320.307692,45,43,1,0
377304700,1,1321,38,19,0,1
607454941,2,1321.5,39,14,1,0
320985681,2,1322.5,46,31,1,0
556616151,2,1326.5,63,3,1,1
511348981,3,1326.666667,69,44,1,0
502715501,4,1327.75,71,19,1,0
546671751,8,1328.875,65,93,1,0
319754101,4,1329.25,47,17,1,0
330375731,2,1329.5,45,26,1,0
523554191,2,1331.5,67,24,1,0
321026750,3,1331.666667,47,49,0,1
238019390,1,1332,53,6,0,1
382622671,4,1336.75,45,40,1,0
255643601,2,1337.5,48,37,1,1
327931840,1,1338,44,0,0,0
363896090,2,1338,42,17,0,0
340363350,1,1339,44,17,0,0
324376831,2,1342,47,5,1,0
419547021,11,1343.181818,41,32,1,0
22255890,2,1348.5,72,18,0,0
222334071,3,1349.666667,56,37,1,0
56269321,3,1350.333333,77,9,1,0
341483950,1,1351,44,0,0,0
426025081,3,1351.333333,75,42,1,0
633309060,1,1355,66,5,0,0
250328060,1,1357,46,8,0,0
255680151,2,1358,48,25,1,0
565361211,10,1358.3,61,79,1,0
3026876781,2,1360,32,12,1,1
339750200,1,1360,5,7,0,0
514463181,2,1360.5,69,5,1,1
2077066721,5,1362.2,24,0,1,0
419753681,2,1364,75,4,1,1
534485931,2,1364,66,25,1,0
255628440,1,1367,48,18,0,0
3080892181,3,1369.666667,29,0,1,0
521690261,1,1370,68,42,1,0
225592801,3,1371,55,42,1,0
556663821,2,1371.5,63,0,1,0
513741480,2,1372,70,56,0,0
559897680,2,1374.5,62,8,0,0
2060772731,2,1375,27,9,1,0
366061431,2,1378,38,5,1,1
344548271,6,1379.833333,44,18,1,0
3173712351,3,1381.333333,32,15,1,0
237747711,2,1383.5,52,5,1,0
513808221,6,1383.666667,69,19,1,0
586939041,2,1386.5,57,2,1,1
3144240781,5,1386.6,41,7,1,0
292845511,6,1386.833333,49,55,1,0
2004868501,2,1387,34,15,1,0
342460091,4,1392.5,44,38,1,0
215371051,2,1397,36,4,1,0
270719350,3,1398.666667,60,19,0,1
93656361,4,1399.25,79,25,1,0
333181141,2,1400.5,45,27,1,1
131168010,2,1401.5,64,23,0,0
218176221,2,1401.5,46,32,1,0
3065335891,4,1401.5,40,28,1,0
3027653001,2,1406,32,12,1,0
519354681,2,1409,68,10,1,0
38640481,2,1415,80,54,1,0
516229420,1,1416,69,30,0,0
69652481,2,1417,76,3,1,1
580581161,6,1421,59,33,1,0
106372701,2,1421.5,77,54,1,0
3175729981,2,1421.5,35,8,1,0
3177286651,6,1424.333333,52,31,1,0
2006682340,1,1425,33,3,0,0
2077304091,1,1426,23,0,1,0
523550881,4,1431.75,68,182,1,0
3193594021,3,1433.333333,70,13,1,0
564565361,2,1433.5,61,14,1,0
279749301,2,1436.5,51,76,1,0
319685891,2,1440,47,29,1,1
3145349001,2,1442.5,44,14,1,0
626035680,2,1442.5,67,0,0,1
626035681,2,1442.5,67,32,1,0
502813510,1,1443,71,38,0,1
535909560,1,1443,66,20,0,0
28745500,1,1448,73,25,0,0
513770001,1,1448,70,30,1,0
93655110,1,1448,76,23,0,0
535426501,2,1449,66,30,1,0
326210701,2,1452,38,26,1,1
94405040,1,1454,73,16,0,0
55993291,10,1458,77,60,1,0
420640891,2,1461.5,73,13,1,0
243005501,19,1461.631579,52,33,1,0
346395421,2,1463,36,11,1,0
43187211,2,1463.5,78,26,1,0
547025501,2,1467,65,5,1,0
362071810,2,1473,43,8,0,1
349426071,2,1474,43,33,1,0
377238711,2,1477,38,12,1,0
3108684270,1,1478,38,6,0,0
229394740,2,1479.5,54,0,0,0
292845510,1,1481,49,5,0,0
612283911,2,1482.5,39,28,1,0
228430311,2,1483,55,23,1,0
519959181,2,1483,68,34,1,1
2013463841,2,1486.5,33,10,1,0
59893060,3,1488,73,30,0,0
627263511,2,1489,77,37,1,0
3054918621,2,1490,31,15,1,0
3184799121,3,1490.666667,24,16,1,0
508651201,3,1491.333333,69,30,1,1
3013891511,2,1491.5,34,10,1,1
319512540,2,1498,47,16,0,0
567120290,1,1498,61,13,0,0
523381831,4,1499,68,37,1,0
565967290,1,1501,61,16,0,0
286299540,1,1504,50,21,0,0
288744441,2,1505.5,50,35,1,0
272036940,1,1506,48,11,0,0
256053041,6,1512.5,48,2,1,1
373846090,1,1515,42,0,0,0
218096030,2,1516.5,39,12,0,0
2054028521,2,1517,27,11,1,0
540271231,2,1517,65,29,1,0
252416621,2,1517.5,48,22,1,1
3090750591,6,1519,63,53,1,0
2056973291,2,1519.5,27,15,1,1
541135430,2,1519.5,65,36,0,0
3075366151,2,1527,56,0,1,1
419446040,1,1527,41,10,0,1
534366301,5,1542.4,66,59,1,0
299850171,2,1543.5,35,2,1,1
93521471,2,1544.5,88,19,1,0
55831170,1,1547,74,49,0,0
238087511,2,1547.5,52,10,1,0
256655971,2,1547.5,48,69,1,1
106586801,5,1547.8,73,111,1,0
3147208630,1,1548,26,2,0,0
627359560,1,1548,72,4,0,0
507265871,2,1549,70,20,1,0
632986651,2,1549.5,72,29,1,1
586973681,3,1551.666667,57,0,1,0
2136267991,1,1555,19,0,1,0
419491651,2,1556,41,5,1,0
428256530,1,1562,40,1,0,0
348320631,3,1571,44,11,1,1
375692901,2,1574,46,22,1,0
639826490,2,1574,68,60,0,1
332446251,2,1575,45,26,1,0
396239471,6,1577.166667,37,13,1,0
288549901,4,1578.25,50,44,1,0
368694931,2,1578.5,36,39,1,1
586848460,2,1578.5,58,26,0,0
433271210,1,1584,80,20,0,1
360425701,2,1597.5,42,36,1,0
558084221,2,1599,61,19,1,0
326291231,2,1602,38,22,1,0
255661911,4,1602.75,48,73,1,0
336498071,10,1615.1,44,109,1,0
566360610,1,1618,61,3,0,0
16474031,4,1620.75,74,67,1,0
552679001,5,1622,63,0,1,1
239689281,4,1622.5,53,72,1,0
435637581,3,1631,71,63,1,0
522526401,3,1632.666667,68,8,1,1
587157641,2,1637.5,58,155,1,0
505993311,9,1639.555556,70,233,1,0
554131161,2,1645.5,63,39,1,0
637655311,4,1645.5,74,45,1,0
324379151,2,1646.5,47,0,1,0
433804761,2,1650.5,40,21,1,0
3119394171,8,1652.75,62,0,1,0
93318441,2,1662,75,50,1,0
250549170,2,1665.5,49,30,0,0
417067630,3,1666.333333,38,1,0,0
224237501,2,1672,55,25,1,0
253362720,1,1681,48,12,0,1
3065461771,2,1685.5,48,18,1,0
263920681,2,1692,48,29,1,1
545271711,2,1692.5,65,16,1,0
346278441,4,1693.5,36,1,1,0
3096120421,2,1698,46,17,1,1
593077850,2,1698,57,17,0,0
246052140,4,1703,52,20,0,0
604708791,2,1703.5,40,26,1,1
288760921,3,1709.666667,50,19,1,0
415913550,2,1718,77,21,0,0
75019921,2,1718,80,36,1,0
224404570,1,1721,55,50,0,1
596533520,1,1721,56,6,0,0
84449520,1,1722,78,11,0,1
93179830,1,1726,75,20,0,0
3006550731,2,1732,35,2,1,1
225592800,2,1734,55,37,0,0
417067631,2,1744.5,38,23,1,1
93613461,2,1744.5,82,28,1,0
649040710,1,1747,68,2,0,0
295422480,1,1748,49,12,0,1
3121367081,2,1750,28,8,1,0
57920311,4,1753,80,68,1,0
246052141,3,1754,52,25,1,1
238007660,3,1759,53,26,0,0
534361350,1,1760,66,16,0,0
250120300,2,1762.5,49,7,0,0
223884741,2,1765.5,54,22,1,1
376915401,2,1767,46,32,1,1
554166480,1,1771,69,11,0,0
93213810,2,1771,73,22,0,0
93521470,2,1773,88,24,0,0
277404140,2,1775,52,31,0,0
501472891,2,1779,71,29,1,1
391066610,1,1792,39,6,0,1
509014531,2,1792.5,70,0,1,0
419550221,3,1793,41,95,1,0
3115580191,2,1794,28,12,1,0
602000521,2,1794,73,7,1,0
260777680,2,1797.5,69,15,0,0
224404571,8,1805.25,55,106,1,0
518079231,5,1808.6,69,22,1,0
89762190,1,1809,76,9,0,0
3000647550,1,1810,35,3,0,1
328925071,2,1811,44,9,1,1
376915400,1,1816,46,13,0,0
546483991,2,1816,65,52,1,1
3015411571,2,1818.5,34,0,1,0
419542231,2,1822.5,41,25,1,1
269567481,2,1827,71,38,1,0
2008055881,2,1828,33,0,1,1
338876541,2,1829,45,23,1,0
75019920,2,1837,80,37,0,1
419574991,4,1837.5,40,70,1,0
338889260,2,1840.5,44,19,0,0
533836180,1,1845,67,6,0,0
317235211,6,1847,43,29,1,0
433826961,15,1847.6,40,187,1,0
52736281,1,1860,75,4,1,1
406283231,5,1862.2,41,52,1,0
371930591,2,1863.5,42,16,1,1
552672490,7,1863.571429,63,62,0,0
357312491,2,1865,43,56,1,0
2130241021,3,1867.666667,19,11,1,0
549322801,2,1877,64,26,1,0
215303810,1,1884,37,5,0,0
586938961,20,1886.4,57,121,1,0
327711231,1,1888,44,16,1,0
222283651,3,1892,54,28,1,1
522883131,4,1894.75,67,114,1,0
648511731,2,1895.5,72,29,1,0
238460171,2,1904,53,14,1,0
508393981,2,1905.5,70,0,1,0
368291660,1,1909,36,29,0,0
521690260,1,1909,68,22,0,0
504164861,4,1916.5,71,42,1,0
3062992641,11,1916.909091,70,20,1,0
416170851,6,1922.166667,79,43,1,0
339690801,2,1924,45,0,1,0
235285811,2,1928.5,54,33,1,0
34262771,2,1930,73,23,1,0
363059931,2,1945,42,36,1,0
93656360,2,1948.5,79,17,0,1
451450831,2,1950.5,73,17,1,0
302623721,4,1966.25,72,53,1,0
2055757071,3,1975,27,5,1,0
34693270,1,1975,86,19,0,1
392626880,2,1985,38,0,0,0
2006160680,1,1992,34,0,0,0
522520951,4,1999.25,68,26,1,0
3087016970,1,2000,97,3,0,1
586939610,3,2006.666667,57,4,0,0
639826491,2,2007,68,35,1,1
333362720,2,2007.5,45,21,0,0
3029448301,3,2007.666667,33,3,1,1
3173712431,3,2013,30,5,1,0
3084630330,1,2017,29,4,0,0
586997600,1,2017,5,8,0,0
362715260,1,2018,43,16,0,1
513841961,4,2023.75,69,9,1,0
235228651,4,2027.75,54,12,1,0
256053040,1,2030,48,14,0,0
636824470,2,2032,72,21,0,0
506968970,1,2037,70,3,0,0
512630851,1,2041,70,5,1,0
3089157841,3,2042.666667,41,24,1,1
127266001,4,2046,68,30,1,0
375602990,2,2048,46,9,0,1
2009267311,5,2054.6,32,9,1,0
324362300,1,2063,47,11,0,1
40875810,1,2066,79,11,0,0
375661971,4,2069.75,46,36,1,0
506830511,3,2073.333333,70,38,1,0
400497851,2,2080,42,27,1,0
288583060,1,2083,50,13,0,1
575432821,7,2104.857143,58,37,1,0
301335731,9,2106.111111,72,102,1,0
571789800,1,2118,60,16,0,0
347650160,1,2119,36,0,0,0
347801141,2,2128.5,44,21,1,1
509032101,2,2169,70,19,1,0
3090750590,2,2187.5,63,9,0,1
341547811,4,2187.75,44,47,1,0
419457000,2,2205.5,41,10,0,0
419503201,2,2212,41,41,1,0
586910151,5,2215.8,57,28,1,0
402607621,2,2222,41,28,1,1
2142521321,3,2232.666667,18,0,1,0
3071843170,1,2246,59,23,0,0
512697100,1,2248,70,8,0,1
3083855901,2,2252,29,5,1,0
170554681,2,2254.5,67,26,1,0
639826561,2,2255.5,68,20,1,0
239562531,2,2257,53,0,1,1
3162166211,3,2265,25,17,1,0
3185351921,2,2265.5,24,2,1,0
397306681,2,2269.5,37,31,1,0
472385220,1,2288,87,20,0,0
516228680,1,2302,69,16,0,1
614710330,2,2305.5,77,45,0,1
614710331,4,2307.75,77,67,1,0
433749660,1,2318,40,11,0,0
506338901,2,2332,70,65,1,0
586997861,3,2345,57,3,1,0
215373521,2,2353.5,36,13,1,0
549324960,1,2362,64,3,0,1
336454901,4,2401.25,45,73,1,0
375659910,1,2409,46,3,0,0
3087017471,2,2411.5,42,7,1,1
379999430,2,2418,36,11,0,0
3064218430,1,2428,71,6,0,0
519992820,1,2438,68,30,0,0
517794371,1,2446,68,71,1,0
573391941,2,2449.5,60,32,1,0
348417670,1,2460,42,2,0,0
3002650220,1,2480,35,2,0,0
3160443951,2,2480,25,3,1,1
634837961,2,2480,66,11,1,1
580051660,1,2481,58,7,0,1
3011563941,2,2489,34,9,1,0
568149241,2,2489,61,26,1,0
382462521,3,2506.333333,46,0,1,0
238080901,2,2525,53,38,1,0
576814621,6,2538,58,32,1,0
584500400,2,2543.5,58,38,0,0
101215231,2,2564.5,75,9,1,1
638247341,2,2590,77,21,1,0
223219391,4,2593,54,160,1,0
240427721,2,2599.5,52,11,1,0
591176301,6,2612.666667,57,95,1,0
226438111,2,2620,55,26,1,1
382496110,1,2634,46,11,0,1
3064659310,3,2635,57,1,0,0
223241491,2,2638,54,24,1,1
529905611,2,2638,40,5,1,0
3024995611,10,2638.8,32,82,1,0
3009596161,2,2646,34,15,1,0
2055322861,2,2654,27,6,1,0
501440960,1,2654,71,13,0,0
235176180,1,2656,54,4,0,0
3020486810,2,2676.5,33,17,0,0
3074513510,1,2685,34,10,0,0
576846801,2,2695.5,58,55,1,1
342882330,1,2716,44,1,0,1
3083577891,2,2731,30,5,1,0
505993310,2,2732,70,17,0,0
106558501,3,2756.666667,73,34,1,0
3184782601,2,2775.5,24,21,1,1
390760051,2,2780.5,39,13,1,0
365354330,2,2805,37,17,0,0
258462541,2,2807.5,48,48,1,0
578215630,2,2810.5,57,18,0,1
588287080,1,2853,57,38,0,0
106586800,2,2861.5,73,62,0,0
540494160,1,2870,66,10,0,0
573441371,2,2887,59,10,1,0
595649891,5,2908.8,56,0,1,0
625083791,2,2923.5,71,34,1,1
528445941,4,2931,67,41,1,0
654685061,7,2999.857143,66,60,1,0
3115607340,1,3009,28,1,0,0
529710581,2,3069,40,6,1,1
129798451,2,3077.5,73,19,1,0
432458101,2,3087,40,5,1,0
3045200340,2,3113,65,5,0,0
3045234910,2,3113,72,27,0,0
101584420,1,3145,83,21,0,1
586939611,14,3151.357143,57,2,1,0
223219390,2,3171,54,47,0,0
27750031,2,3188.5,28,0,1,0
584500401,6,3191.333333,58,38,1,0
277499930,1,3216,51,8,0,0
577846880,1,3265,59,7,0,0
3074513100,2,3309.5,83,0,0,0
573461081,2,3365.5,60,0,1,0
3017657721,5,3373,33,28,1,0
347575830,1,3384,36,0,0,1
402566121,1,3389,42,35,1,0
587157490,1,3403,58,0,0,0
368267661,3,3447.333333,37,10,1,0
648511730,1,3469,72,29,0,1
3169387291,5,3484.8,31,7,1,0
3018319701,4,3524.5,33,14,1,0
3086249230,1,3587,38,2,0,1
280022511,3,3600.666667,51,43,1,0
383686681,2,3651.5,45,19,1,0
580077741,2,3745,58,6,1,0
3108343531,3,3748.666667,45,4,1,1
3031305461,16,3784.625,32,161,1,0
509014530,1,3792,70,8,0,0
402610261,2,3811,41,29,1,1
3108343381,2,3832.5,70,0,1,1
592669730,1,3865,57,18,0,1
3193594020,1,3917,70,0,0,1
3024858341,2,3934.5,31,7,1,0
587157491,2,3958,58,10,1,0
636945581,2,3996.5,68,10,1,0
3147741181,1,4096,25,16,1,1
532521770,1,4106,67,37,0,0
628796631,2,4106.5,39,5,1,0
637145391,2,4154,67,2,1,0
3080063600,1,4164,29,0,0,0
3061764051,4,4182.5,62,34,1,0
360722211,2,4344.5,42,5,1,1
612303891,5,4379.2,39,16,1,0
587544581,2,4417.5,58,106,1,0
562371261,3,4418,62,17,1,0
3175729801,2,4500,40,12,1,1
302623720,1,4523,72,0,0,0
320462030,3,4705.333333,47,39,0,0
362720781,3,4828.666667,43,24,1,0
575443480,3,4959,58,7,0,0
572932841,2,5106,60,0,1,1
3096943390,3,5154.333333,77,0,0,0
593369581,3,5154.333333,58,0,1,0
3093044910,2,5340.5,77,23,0,0
595244391,5,5484.8,56,34,1,0
654685060,1,5718,66,26,0,0
3147736490,2,5990.5,25,0,0,0
627628361,2,5990.5,70,31,1,0
596533521,2,6192,56,27,1,1
3079464001,5,6234.8,29,20,1,0
383686680,1,6303,45,8,0,0
3107463911,2,6409.5,50,0,1,0
224812380,1,6860,56,5,0,0
362738291,3,7012.666667,43,26,1,1
3177057470,1,7204,29,0,0,0
612380851,4,7618,39,0,1,0
373870810,1,7833,42,2,0,0
3021626311,4,8000.25,32,2,1,0
248154091,2,8160.5,52,4,1,0
595873030,1,9190,56,0,0,0
578242030,5,9360,59,2,0,0
3104679491,2,10269.5,59,39,1,0
330584541,3,12557.33333,45,19,1,0
632718451,5,13068.2,67,21,1,0
263297141,3,13320.33333,48,8,1,0
3150231351,2,13850.5,25,5,1,0
3142651901,4,16558,31,31,1,0
612308501,5,18934.8,39,43,1,0
3130363861,5,20106,40,28,1,0
3130161231,2,20710,32,0,1,0
612331850,3,20806.66667,39,4,0,0
612370870,1,52500,39,13,0,0
